,title,body,type
0,3M Atemschutzmaske Aura 9332+ FFP3 NR D mit Ausatemventil - 1 Stück,"<h2>3M Atemschutzmaske Aura 9332+ FFP3 mit Ausatemventil - 1 Stück</h2>
<p><strong>FFP3 Atemschutzmaske zum Schutz vor jeglichen Partikeln</strong></p>
<p><strong>Details</strong></p>
<p>Die 3M Atemschutzmaske Aura 9332+ FFP3 NR D mit Ausatemventil schützt Sie vor gesundheitsschädliche und krebserzeugende Partikel auf Wasser- und Ölbasis. Die Höchste der drei FFP-Klassen hat eine maximale Gesamtleckage (Undichtigkeit) von 2% und filtert mindestens 99% der Schadstoffe aus der Luft. Die FFP3 Maske bietet somit einen effektiven Atemschutz in der industriellen Anwendung, wenn die Arbeiter Stäuben und/oder nicht flüchtigen Flüssigkeiten ausgesetzt sind</p>
<ul>
<li>Geprüft und CE-zertifiziert nach EN 149:2001 + A1:2009</li>
<li>CE2797</li>
<li>Faltbar, einfache Lagerung, 3-teiliges Design passt sich komfortabel den Gesichtsbewegungen an</li>
<li>Neue Filtertechnologie für effektive Filterleistung bei niedrigem Atemwiderstand</li>
<li>Die spezielle Gestaltung der Nasenregion passt sich optimal der Gesichtsform an und verbessert die Kompatibilität mit Brillen und Augenschutz</li>
<li>Die innovative Kinnlasche erleichtert das Aufsetzen und das richtige Positionieren im Gesicht</li>
<li>Das 3M™ Cool Flow™ Ausatemventil ist besonders angenehm in heißer Umgebung und/oder bei schwerer Arbeit</li>
<li>Angenehmes Tragegefühl auf der Haut durch die große, weiche Polsterung im Nasenbereich</li>
<li>Hygienische Einzelverpackung verhindert Verschmutzung der Maske vor ihrem Einsatz</li>
<li>Siegelpunkte reduzieren beim Ausatmen den Luftfluss durch die Maskenoberseite und so das Beschlagen von Brillen</li>
<li>Der gleichmäßiger Druck der Kopfbänder erhöht den Komfort im Gesicht, im Nacken und am Kopf bei einem sicheren Gefühl.</li>
<li>MHD: 12/25</li>
<li>1 Stück pro Packung</li>
</ul>
<p><strong>Weitere Informationen entnehmen Sie bitte den Datenblättern.</strong></p>",FFP3 Maske
1,"3M Tegaderm CHG Chlorhexidingluconat I.V. Fixierverband - 7 x 8,5 cm","<h2>3M Tegaderm CHG Chlorhexidingluconat I.V. Fixierverband - 7 x 8,5 cm</h2>
<h5><strong>wasserfester, steriler Schutz vor externen Verunreinigungen wie Flüssigkeiten, Bakterien und Viren etc.</strong></h5>
<p><strong>Details</strong></p>
<p>3M Tegaderm™ CHG Chlorhexidingluconat I.V. Fixierverband ist ein antimikrobieller und transparenter Verband mit integriertem CHG-Gelkissen. Nachweisliche Reduktion von katheter-assoziierten Blutstrominfektionen und Katheterbesiedelung – kombiniert die antimikrobielle Aktivität mit der hohen Leistung eines Tegaderm-Verbands.</p>
<ul class=""MMM--pdpList SNAPS--bullets"">
<li>Integrierter I.V.-Verband gewährleistet Reduzierung von Infektionen sowie Sichtbarkeit der Einstichstelle, Katheterfixierung und Atmungsaktivität</li>
<li>Nachgewiesene Reduktion von katheter-assoziierten Blutstrominfektionen und Katheterbesiedelung</li>
<li>Bietet dank des integrierten CHG-(Chlorhexidingluconat-)Gelkissens sofortigen und anhaltenden antimikrobiellen Schutz, ohne dass Feuchtigkeit für die Aktivierung erforderlich wäre</li>
<li>Auf die Minimierung von Katheterbewegungen und -dislokation ausgelegt. Hält Katheter mithilfe eines großen Fixierstreifens und einer sich anpassenden Schlüssellochkerbe an Ort und Stelle.</li>
<li>Der transparente Film und das Gelkissen ermöglichen eine fortlaufende Sichtbarkeit der Einstichstelle, um frühe Anzeichen einer Infektion leicht zu erkennen</li>
<li>Der atmungsaktive Verband lässt Feuchtigkeit von der Haut verdunsten</li>
<li>Das integrierte Design (antimikrobielles Gelkissen und Verband in einem) ermöglicht eine einfache und konsistente Applikation</li>
<li>Kann bis zu sieben Tage getragen werden</li>
<li>Für einen wasserfesten, sterilen Schutz vor externen Verunreinigungen wie Flüssigkeiten, Bakterien und Viren.*</li>
<li>Ein Applikationsrahmen ermöglicht eine exakte und problemlose Applikation, was die Gefahr des Klebenbleibens an Handschuhen oder am Material selbst reduziert.</li>
<li>7 x 8,5 cm</li>
<li>25 Stück pro Packung</li>
</ul>
<p><strong>Anwendungsbereich</strong></p>
<ul class=""MMM--pdpList SNAPS--bullets"">
<li>Zentrale Venenkatheter (einschließlich Subclavia-, Jugularis-, Femoralis- und PICC-Line-Katheter)</li>
<li>Dialysekatheter</li>
<li>Arterielle Katheter</li>
<li>Kurze periphere I.V.-Katheter und Midline-Venenkatheter</li>
<li>Epiduralkatheter</li>
<li>Sonstige perkutane Vorrichtungen</li>
</ul>",Fixierverband
2,"3M-Medica Micropore Pflaster, hautfarben - 12 Stück","<h2>3M-Medica Micropore Pflaster, hautfarben - 12 Stück</h2>
<p><strong>Micropore Pflaster für die Wundauflagenbefestigung</strong></p>
<p><strong>Details</strong></p>
<p>Das 3M-Medical Micropore Pflaster ist die Nummer 1 der hypoallergenen ""Papier""-Tapes für die Wundauflagenbefestigung.</p>
<ul>
<li>hypoallergenes Pflaster</li>
<li>2,50 cm x 9,1 m</li>
<li>hautfarbe</li>
<li>12 Stück pro Packung</li>
</ul>",Pflaster
3,"Abena Bettschutzunterlagen Ultra light, 60 x 90 cm - 25 Stück","<h2>Abena Bettschutzunterlagen Ultra light, 60 x 90 cm - 25 Stück</h2>
<p><strong>Bettschutzunterlagen als zusätzlichen Schutz für Betten oder Stühle</strong></p>
<p><strong>Details</strong></p>
<p>Die Abena Bettschutzunterlagen Ultra light bieten Schutz vor Verschmutzungen durch Urin, Blut und andere Körperflüssigkeiten. Die Unterlage hat versiegelte Ränder für optimalen Auslaufschutz. Die Oberfläche ist mit einem weichen Vliesstoff beschichtet, um den Komfort für den Benutzer zu erhöhen. Durch die Verwendung dieser Einwegunterlage wird das Risiko einer Kontamination reduziert. Ideal bei leichter Inkontinenz</p>
<ul>
<li><span data-contrast=""none"">kombinierbar mit anderen Inkontinenzartikeln wie Inkontinenzwindeln, Inkontinenzeinlagen und Inkontinenzvorlage</span></li>
<li>einsetzbar bei Harninkontinenz sowie Stuhlinkontinenz</li>
<li>fühlt sich wegen der weichen Oberfläche sehr sanft an versiegelter</li>
<li>Produktrand gewähren einen hervorragenden Auslaufschutz</li>
<li>Medizinprodukt Klasse I</li>
<li>Unsteril</li>
<li>Vliesstoff mit flüssigkeitsundurchlässiger Rückseite aus PE</li>
<li>60 x 90 cm</li>
<li>25 Stück pro Packung</li>
</ul>
<p><strong>Weitere Informationen entnehmen Sie bitte den Datenblättern.</strong></p>",Bettschutzunterlage
4,Abena Feuchtpflegetücher mit Deckel 18x20cm,"<h2>Abena® Wet Wipes Feuchtpflegetücher - 80 Tücher</h2>
<p><strong>feuchtigkeitsspendende Feuchtpflegetücher zur Körperpflege ohne Wasser</strong></p>
<p><strong>Details</strong></p>
<p>Die ABENA® Wet Wipes Feuchtpflegetücher sind eine gute Alternative zum herkömmlichen Waschen mit Wasser und Seife. Die Reinigungstücher dienen zur Körperpflege und können am gesamten Körper angewendet werden. Die Pflegetücher entfernen Schweiß und Gerüche und sind hygienisch zu verwenden, da es sich um ein Einwegprodukt handelt. Die feuchtigkeitsspendende Feuchtpflegetücher bestehen aus einer Polyester- und Viskose- Mischung.</p>
<div class=""product-description-details block"">
<ul>
<li>feuchtigkeitsspendend</li>
<li>Reinigungseffekt</li>
<li>angenehm</li>
<li>für das Waschen im Bett</li>
<li>80% Polyester 20% Viskose</li>
<li>parfümfrei</li>
<li>Tuchmaße: 18 x 20 cm</li>
<li>80 Tücher pro Packung</li>
</ul>
</div>
<div class=""product-description-details block""></div>",Feuchttücher
5,Abena® Pflege- und Reinigungsschaum - 400 ml,"<h2>Abena® Pflege- und Reinigungsschaum - 400 ml</h2>
<p><strong>Pflegeschaum für eine sanfte Pflege und Reinigung der Haut</strong></p>
<p><strong>Details</strong></p>
<p>Der Abena® Pflege- und Reinigungsschaum ist mild und sanft und dient der gründlichen Reinigung im Rahmen der Körperpflege. Dieser bietet eine schnelle Hilfe und ist ideal beim Wechseln von Inkontinenzprodukten, da Stuhlrückstände gelöst und unangenehme Körpergerüche wirkungsvoll entfernt werden. Die spezielle Formel des Reinigungsschaums minimiert Hautreibung und hat feuchtigkeitsspendende und hautpflegende Eigenschaften.</p>
<ul>
<li>Milder und antibakterieller Reinigungsschaum</li>
<li>dermatologisch getestet</li>
<li>ideal für Menschen mit Inkontinenz (einsetzbar bei Harninkontinenz sowie Stuhlinkontinenz)</li>
<li>Ideal zur Pflege anspruchsvoller oder zu Reizungen neigender Haut</li>
<li>Sehr effektive Reinigungswirkung durch den Mikroschaum, der hilft, Verschmutzung zu lösen</li>
<li>Leicht aufzutragen und mit einem trockenen Waschhandschuh, Papierhandtuch zu entfernen</li>
<li>Enthält pflegende Inhaltsstoffe für empfindliche Haut</li>
<li>Ohne Farbstoffe, mild parfümiert</li>
<li>vegan</li>
<li>400 ml pro Dose</li>
</ul>
<p><strong>Anwendung</strong></p>
<p>Die Dose vor dem Gebrauch kräftig schütteln. Vorsichtig den Schaum auf die Haut aufsprühen. Nach kurzer Einwirkzeit, den Reinigungsschaum mit einem weichen Tuch entfernen und eventuelle Rückstände feucht nachwischen.</p>
<div style=""text-align: left;""><img style=""float: none;"" alt="""" src=""https://cdn.shopify.com/s/files/1/0761/7069/0884/files/2Achtung_50x50.jpg?v=1693484098""></div>",Reinigungsschaum
6,Acon Flowflex Antigen Rapid Schnelltest Laientest,"<h2>Acon Flowflex Antigen Rapid Schnelltest Laientest</h2>
<p><strong>Laientest zur schnellen und einfachen Probeentnahme im vorderen Nasenbereich</strong></p>
<p><strong>Details</strong></p>
<p>Der Acon FlowFlex Antigen Schnelltest überzeugt durch den günstigen Preis und die hohe Qualität. Dieser Schnelltest hat eine Sensitivität von 97,10% und eine Spezifität von 99,50%. Zur Nutzung sind keine medizinischen Fachkenntnisse erforderlich. Die Probeentnahme erfolgt dabei mittels Abstrichen im vorderen Nasenbereich. Das zuverlässige Ergebnis erhält man nach 15 bis 30 Minuten.</p>
<ul>
<li>Probenentnahme mittels Abstrichen im vorderen Nasalbereich (Anterio-nasal, 2,5-3cm)</li>
<li>Vorgefüllte Pufferlösung, weniger Arbeitsschritte, höhere Zeitersparnis</li>
<li>Ergebnis nach nur 15-30 Minuten</li>
<li>97,10% Sensitivität, 99,50% Spezifität</li>
<li>CE-zertifiziert (CE0123)</li>
<li>BfArM-gelistet, Aktenzeichen: AT1217/21</li>
<li>Validiert durch Paul-Ehrlich-Institut</li>
<li>Erkennt die Omikron Variante</li>
<li>klinisch getestet</li>
<li>LoD Wert: 160 TCID50/mL</li>
<li>Erhältlich als 1er und 5er Test</li>
</ul>
<p><strong>Inhalt</strong></p>
<ul>
<li>1 Testkassette</li>
<li>1 Extraktionsröhrchen mit integrierter Pufferlösung</li>
<li>1 steriler Einwegtupfer nasal</li>
<li>1 Müllbeutel</li>
<li>1 Gebrauchsanweisung</li>
</ul>
<p><strong>MHD:</strong> 2024</p>",Laientest
7,Air Queen partikelfiltrierender Mund-Nasen-Schutz CE2163,"<h3>Air Queen Medizinischer Mund-Nasen-Schutz CE2163</h3>
<p><b>Mund-Nasen-Schutz Premium CE2163</b></p>
<p><strong>Details</strong></p>
<p> </p>
<p>Air Queen Breeze Mask CE2163<br>
EN 149:2001+A1:2009<br>
Farbe: weiß</p>
<p> </p>
<p>– Verpackt in 1er – 10er Bündel – 600 pro Überkarton</p>
<p> </p>
<p>·  Atemschutzmaske mit CE-Kennzeichnung<br>
·  erfüllt den Prüfstandard EN149:2001+A1:2009 der Schutzklasse 2<br>
·  feiner Nano-Faser-Filter mit hoher Filterleistung<br>
·  Extrem leichtes Gewicht (nur 4,38 g)<br>
·  bestens für Brillenträger/innen geeignet, vermindert das Beschlagen<br>
·  hoher Tragekomfort, liegt perfekt am Gesicht an<br>
·  hygienische, staubsichere Einzelverpackung<br>
·  Atemschutzmaske gefaltet mit CE-Kennzeichnung<br>
·  bietet sowohl Fremd- als auch Eigenschutz<br>
·  die ergonomische Passform mit einstellbarem Nasenbügel und Ohrschlaufen<br>
·  alternativ durch beiliegendem Clip mit Kopfschlaufe gewähren hohen Tragekomfort den ganzen Tag<br>
·  Latexfrei</p>
<p> </p>
<p><b>Air QUEEN - unsere neue Atemschutzmaske der Schutzklasse 2</b></p>
<p>Bester Tragekomfort</p>
<p>·  Atemschutzmaske gefaltet mit CE-Kennzeichnung<br>
·  erfüllt den Prüfstandard EN149:2001-A1:2009 der Schutzklasse 2<br>
(PSA = persönliche Schutzausrüstung)<br>
·  feiner Nanofaser-Filter mit hoher Filterleistung<br>
·  bietet sowohl Fremd- als auch Eigenschutz<br>
·  hygienische, staubsichere Einzelverpackung<br>
·  extrem leichtes Gewicht (nur 4,38 g)<br>
·  hoher Tragekomfort, liegt perfekt am Gesicht an<br>
·  bestens für Brillenträger/innen geeignet, vermindert das Beschlagen<br>
·  die ergonomische Passform mit einstellbarem Nasenbügel und Ohrschlaufen oder alternativ durch beiliegendem Clip mit Kopfschlaufe gewähren hohen Tragekomfort den ganzen Tag<br>
·  Latexfrei</p>
<p> </p>
<p><b>Nanofaser-Technologie:</b><br>
Mit einer Dicke von einem milliardstel Meter ist das Nano-Material sterisch in einer Fischnetz-Matrix angeordnet, um optimale Filtration, Haltbarkeit und Atmungsaktivität zu gewährleisten.</p>
<p> </p>
<p><b>Nanofaser-Filter:</b><br>
Der Nanofaser-Filter (Mikrofasermembran, 3-lagig) der Air QUEEN Breeze Mask filtert alle Partikel, die größer als 0,1 µm sind. „Coronaviren selbst haben einen Durchmesser von 0,12–0,16 μm, werden aber in der Regel als Bestandteil größerer Partikel<br>
ausgeschieden”. (Quelle: Umweltbundesamt)</p>
<p> </p>
<p><b>Einzelverpackung:</b><br>
garantiert hygienisch, staubsicher, lange Haltbarkeit</p>
<p> </p>
<p>Bitte beachten Sie:</p>
<p>Auch die beste Maske ersetzt nicht das Einhalten von Mindestabständen sowie regelmäßiges gründliches Händewaschen. Auch sollten Sie sich trotz Maske nicht in das Gesicht fassen.</p>
<p>Bitte halten Sie sich an die Vorgaben der Bundes- und Staatsregierung. Wir möchten, dass Sie andere und sich schützen können!</p>
<p>Hygieneartikel sind vom Umtausch ausgeschlossen.</p>",FFP2 Maske
8,"Altruan Abfallsäcke 120 Liter Typ 60, 12060 Basic, blau","<h2>Altruan Abfallsäcke 120 Liter Typ 60, 12060 Basic, blau</h2>
<h3><strong>besonders reissfester Abfallsack aus Recycling-LDPE</strong></h3>
<p><strong>Details</strong></p>
<ul>
<li>reißfest</li>
<li>Fassungsvermögen 120 Liter</li>
<li>Gewicht: ca. 920 g pro Rolle</li>
<li>Abmessungen: 700 x 1100 mm</li>
<li>Farbe: blau</li>
<li>25 Säcke pro Rolle / 10 Rollen pro Karton</li>
</ul>",Abfallsack
9,"Altruan Abfallsäcke 120 Liter Typ 70, 12070 Premium, blau","<h2>Altruan Abfallsäcke 120 Liter Typ 70, 12070 Premium, blau</h2>
<h3><strong>besonders reissfester Abfallsack aus Recycling-LDPE</strong></h3>
<p><strong>Details</strong></p>
<ul>
<li>reißfest</li>
<li>Fassungsvermögen 120 Liter</li>
<li>Gewicht: ca. 960 g pro Rolle</li>
<li>Abmessungen: 700 x 1100 mm</li>
<li>Farbe: blau</li>
<li>25 Säcke pro Rolle / 10 Rollen pro Karton</li>
</ul>",Abfallsack
10,Altruan Designer Gesichtsmaske Partikelfiltrierend (FFP2-Standard),"<h2>Altruan Designer Gesichtsmaske Partikelfiltrierend (FFP2-Standard)</h2>
<p><strong>Verschiedene Design-Motive, CE0598, EN-Standard</strong></p>
<p><strong>Details</strong></p>
<ul>
<li>Partikelfiltrierende Atemschutzmaske mit CE-Kennzeichnung - CE0598</li>
<li>Erfüllt den Prüfstandard EN149:2001+A1:2009 der Schutzklasse FFP2 (PSA = persönliche Schutzausrüstung)</li>
<li>Feiner Nanofaser-Filter mit hoher Filterleistung</li>
<li>Extrem leichtes Gewicht (nur 4,38 g)</li>
<li>bestens für Brillenträger/innen geeignet, vermindert das Beschlagen</li>
<li>hoher Tragekomfort, liegt perfekt am Gesicht an</li>
<li>hygienische, staubsichere Einzelverpackung</li>
<li>bietet sowohl Fremd- als auch Eigenschutz</li>
<li>die ergonomische Passform mit einstellbarem Nasenbügel und Ohrschlaufen oder alternativ durch beiliegendem Clip mit Kopfschlaufe gewähren hohen Tragekomfort den ganzen Tag</li>
<li>Frei von allergenen Stoffen</li>
<li>10 Designer-Masken pro Verpackung</li>
</ul>",FFP2 Maske
11,Altruan Pflegebox für gesetzlich Versicherte - Bezahlt über Ihre Krankenkasse,"<h2><span style=""vertical-align: inherit;""><span style=""vertical-align: inherit;""><span style=""vertical-align: inherit;""><span style=""vertical-align: inherit;""><span style=""vertical-align: inherit;""><span style=""vertical-align: inherit;"">Kostenlose Pflegehilfsmittel im Wert von bis zu 40 € direkt zu Ihnen nach Hause</span></span></span></span></span></span></h2>
<h5><span style=""vertical-align: inherit;"">-- Nutzen Sie Ihren Rechtsanspruch mit der Altruan Pflegebox – TÜV-geprüft und auf Ihre Bedürfnisse zugeschnitten --</span></h5>
<p>Bin ich berechtigt kostenlose Pflegehilfsmittel zu erhalten? - Hier können sie ihren Anspruch überprüfen:</p>
<ul>
<li>Ich bin Pflegeversichert.</li>
<li>Ich habe mindestens Pflegegrad 1</li>
<li>Ich beziehe noch keine Pflegebox</li>
</ul>
<h5>Im folgenden können sie ihre Pflegebox konfigurieren:</h5>
<ol>
<li>Produkte oder Vorschlag auswählen</li>
<li>Kontaktdaten ausfüllen</li>
<li>Antrag mit ihrer Unterschrift bestätigen</li>
<li>Monatlich Pflegebox erhalten</li>
</ol>",Pflegebox
12,Altruan Pflegebox für Privatversicherte - Erstattbar von Ihrer Krankenkasse,"<h2><span style=""vertical-align: inherit;""><span style=""vertical-align: inherit;""><span style=""vertical-align: inherit;""><span style=""vertical-align: inherit;""><span style=""vertical-align: inherit;""><span style=""vertical-align: inherit;"">Kostenlose Pflegehilfsmittel im Wert von bis zu 40 € direkt zu Ihnen nach Hause</span></span></span></span></span></span></h2>
<h5><span style=""vertical-align: inherit;"">-- Nutzen Sie Ihren Rechtsanspruch mit der Altruan Pflegebox – TÜV-geprüft und auf Ihre Bedürfnisse zugeschnitten --</span></h5>
<p>Bin ich berechtigt kostenlose Pflegehilfsmittel zu erhalten? - Hier können sie ihren Anspruch überprüfen:</p>
<ul>
<li>Ich bin Pflegeversichert.</li>
<li>Ich habe mindestens Pflegegrad 1</li>
<li>Ich beziehe noch keine Pflegebox</li>
</ul>
<h5>Im folgenden können sie ihre Pflegebox konfigurieren:</h5>
<ol>
<li>Produkte oder Vorschlag auswählen</li>
<li>Kontaktdaten ausfüllen</li>
<li>Antrag mit ihrer Unterschrift bestätigen</li>
<li>Monatlich Pflegebox erhalten</li>
</ol>",Pflegebox
13,Altrufect® Flächendesinfektionsmittel - 500 ml,"<h2>Altrufect® Flächendesinfektionsmittel - 500 ml</h2>
<p><strong>Flächendesinfektionsmittel zur Desinfektion von Oberflächen</strong></p>
<p><strong>Details</strong></p>
<p>Das Altrufect® Flächendesinfektionsittel ist eine gebrauchsfertige, alkohol- und aldehydfreie Sprüh-/ Wischdesinfektionslösung zur Desinfektion von Oberflächen im Lebensmittelbereich, öffentlichen Einrichtungen und in der Industrie.</p>
<ul>
<li>gebrauchsfertiges Flächendesinfektionsmittel</li>
<li>zur Sprüh- und Wischdesinfektion</li>
<li>alkohol- und aldehydfrei</li>
<li>Wirksamkeiten: bakterizid/levurozid, tuberkulozid, begrenzt viruzid, begrenzt viruzid PLUS</li>
<li>500 ml pro Flasche</li>
</ul>
<p> </p>
<p><strong>Herstellerinformationen</strong></p>
<p>BAUA-NR.: N-16618; N-16622</p>
<p> </p>
<p><strong>Desinfektionsmittel vorsichtig verwenden. Vor Gebrauch stets Etikett und Produktinformationen lesen.<br> Weitere Informationen entnehmen Sie bitte den Datenblättern.</strong></p>
<p><br></p>",Flächendesinfektion
14,Altruman® Händedesinfektionsmittel - 500 ml,"<h2>Altruman® Händedesinfektionsmittel - 500 ml</h2>
<p><strong>Händdesinfektionsmittel mit rückfettender Formel mit Aloe Vera</strong></p>
<p><strong>Details</strong></p>
<p>Das Altruman® Händedesinfektionsmittel ist ein gebrauchsfertiges und alkoholfreies Präparat zur hygienischen Händedesinfektion und Händewaschung. Durch die rückfettende Formel aus Aloe Vera zeigt es eine besonders gute Hautverträglichkeit.</p>
<ul>
<li>rückfettende Formel mit Aloe Vera</li>
<li>gebrauchsfertiges Präparat zur hygienischen Händewaschung und Händedesinfektion</li>
<li>sehr gute Hautverträglichkeit</li>
<li>alkoholfrei</li>
<li>Wirksamkeiten: bakterizid inkl. MRSA, levurozid, begrenzt viruzid</li>
<li>Einwirkzeit: 1 Minute</li>
<li>500 ml pro Flasche</li>
</ul>
<p> </p>
<p><strong>Herstellerinformationen</strong></p>
<p>BAuA-Nummer: N-110272<br> Wirksamkeiten: bakterizid inkl. MRSA, levurozid, begrenzt viruzid</p>
<p> </p>
<p><b style=""font-weight: bold;""><strong>Weitere Informationen entnehmen Sie bitte den Datenblättern.</strong><br> Zu Risiken und Nebenwirkungen lesen Sie die Packungsbeilage und fragen Sie Ihren Arzt oder Apotheker.</b></p>",Händedesinfektionsmittel
15,Ambu BlueSensor Elektrode Millipore - 50 Stück,"<h2>Ambu BlueSensor Elektrode Millipore - 50 Stück</h2>
<p><strong>Markenqualität mit hervorragenden Ableitungsergebnissen</strong></p>
<p><strong>Details</strong></p>
<ul>
<li>Typ: Erwachsene, SP-00-S</li>
<li>Sensor: Silber/Silberchlorid</li>
<li>vorgeliert</li>
<li>mit Millipore-Schaumstoffring und Druckknopfanschluß</li>
<li>Markenqualität mit hervorragenden Ableitungsergebnissen</li>
<li>ø 38 mm</li>
<li>50 Stück pro Packung</li>
</ul>",Elektrode
16,AmonMed Antigen Schnelltest - AT246/21,"<h3>AmonMed Antigen Schnelltest - AT246/21</h3>
<h4>Antigen Schnelltest mit Profizulassung</h4>
<p><strong>Zulassungen</strong></p>
<ul>
<li>AT246/21 + CE</li>
<li>Profizulassung</li>
<li>BfArM gelistet (BfArM-AT-Nummer: AT246/21)</li>
<li>PEI Evaluierung (Stand: März 2022)</li>
<li>EU-weit anerkannt</li>
</ul>
<p> </p>
<p><strong>Bezeichnung</strong></p>
<ul>
<li>Produkt: Antigen Schnelltest mit Profizulassung</li>
<li>AmonMed: #2 der PEI-Evaluierung (Stand 12.02.2022)</li>
<li>Probeentnahmen:
<ul>
<li>Anterio-nasaler Abstrich (Nasal)</li>
<li>Nasopharyngealabstrich (Nasen-Rachen)</li>
<li>Oropharyngealabstrich (Mund-Rachen)</li>
</ul>
</li>
<li>Pufferlösung vorgefüllt, einfache Handhabung</li>
</ul>
<p> </p>
<p>Technische Spezifikationen</p>
<p>Sensitivität<br>
98,02%</p>
<p>Spezifität<br>
99,55%</p>
<p>Genauigkeit<br>
99,92%</p>
<p>Dauer bis Auswertung<br>
15 Minuten</p>
<p>Hersteller</p>
<ul>
<li>Xiamen AmonMed Biotechnology Co.Ltd.</li>
</ul>
<p> </p>
<p>25 Tests = 1 Packung // 40 Packungen pro Karton</p>
<p>Preis pro Packung</p>
<p> </p>",Profitest
17,AmonMed Covid-19 Anitgen Schnelltest Lollitest,"<h2>AmonMed Premium Lollitest Schnelltest - CE/1434</h2>
<p><strong>Antigen Schnelltest für eine nicht-invasive und kinderfreundliche Probeentnahme</strong></p>
<p><strong>Details</strong></p>
<p>Bei diesem Antigen-Schnelltest in Form eines Speicheltests – auch Lollitest genannt – handelt es sich um eine nicht-invasive und kinderfreundliche Probenentnahme zur Eigenanwendung. Der praktische AmonMed Laien-Antigen-Schnelltest Lollitest liefert in nur 15 Minuten das Ergebnis.</p>
<p>Einfache Probenentnahme</p>
<p>Beim Lollitest wird der Tupfer für ca. 10 Sekunden unter die Zunge gelegt und so der Speichel für den Test gesammelt. Es ist kein Abstrich in der Nase oder dem Rachen nötig.<br>
Im Lieferumfang ist bereits alles Nötige enthalten: 1x Testkassette, 1x Abstrichtupfer, 1x Extraktionsreagenzien, 1x Extraktionsröhrchen, Gebrauchsanweisung</p>
<p> </p>
<p>Die Vorteile des AmonMed Laien-Antigen-Schnelltest Lollitests auf einen Blick:</p>
<ul>
<li>Angenehme Entnahme - kindgerecht und nicht-invasiv mit einem ""Lolli""</li>
<li>Ohne Labor und ortsunabhängig durchführbar</li>
<li>Zuverlässiges Testergebnis nach ca. 15 Minuten</li>
<li>PEI-Evaluierung</li>
</ul>
<p> </p>
<p>Der AmonMed Laien-Antigen-Schnelltest Lollitest ist der erste CE-zertifizierte Lollitest zur Eigenanwendung in Europa (CE 1434).</p>
<p>Marke<br>
AmonMed</p>
<p>Produkttypenbezeichnung<br>
Lollitest</p>
<p>Produktart<br>
Laien-Antigen-Schnelltest</p>
<p>geeignet für<br>
die Eigenanwendung</p>
<p>Inhalt<br>
1x Testkassette, 1x Abstrichtupfer, 1x Extraktionsreagenzien, 1x Extraktionsröhrchen, Gebrauchsanweisung</p>
<p>Anwendung<br>
Speicheltest</p>
<p>CE Prüfstelle<br>
CE 1434</p>
<p> </p>
<p>1 Test = 1 Packung // 500 Packungen = 1 Karton</p>
<p> </p>",Laientest
18,Amonmed Covid-19 Antigen Rapid-Test,"<h2>Amonmed Covid-19 Antigen Rapid-Test</h2>
<p><strong>Zugelassener Antigen Schnelltest für einen Abstrich im vorderen Nasenbereich</strong></p>
<p><strong>Details</strong></p>
<p>Dieser Amonmed Laientest dient dem qualitativen In-vitro Schnellnachweis von SARS-CoV-2 Antigenen bei einem Abstrich im humanen vorderen Nasenbereich von Personen mit Verdacht auf COVID-19 innerhalb der ersten 7 Tage nach Auftreten der Symptome. Dieses Testkit ist für die Selbsttestung durch Laien ohne Labor geeignet.</p>
<p> </p>
<ul>
<li>für ein vorläufiges Screening und als klinische Referenz</li>
<li>Abstrich im vorderen Nasenbereich</li>
<li>zugelassener Laientest</li>
<li>Sensitivität 90.16%</li>
<li>Spezifität: 99.78%</li>
<li>Testergebnis in 15-20 Minuten</li>
<li>CE1434</li>
<li>für die Eigenanwendung geeignet</li>
</ul>
<p> </p>
<p><strong>Inhalt</strong></p>
<p>1x vorderer Nasentupfer<br>
1x Extraktionsröhrchen mit Extraktionslösung<br>
1x Testkarte<br>
1x Bedienungsanweisung<br>
1x Röhrchenständer</p>
<p> </p>
<p>1 Test = 1 Packung // 500 Packungen = 1 Karton</p>",Laientest
19,AMPri Basic-Plus TPE-Handschuhe blau 200 Stk.,"<h3>AMPri Basic-Plus TPE-Handschuhe blau 200 Stk.</h3>
<h4>TPE-Einmalhandschuhe in blau - 200 Stk./Packung CE - Dehnbar &amp; Reißfest</h4>
<p><strong>Details</strong></p>
<ul>
<li>CE gemäß EU2016/425</li>
<li>Gutes Tastempfinden</li>
<li>Für Lebensmittelindustrie geeignet</li>
<li>latexfrei &amp; puderfrei</li>
<li>nicht für medizinische Zwecke geeignet</li>
<li>unsterile Einmalhandschuhe mit angerauten Fingerspitzen</li>
</ul>
<p> </p>
<p>Weitere <a href=""https://altruan.de/produkt-kategorie/schutzbekleidung/einweghandschuhe/"">Handschuhe</a> und <a href=""https://altruan.de/produkt-kategorie/schutzbekleidung/"">Schutzbekleidung</a> finden Sie zum Best-Preis bei uns im Online-Shop.</p>
<p> </p>",TPE-Handschuhe
20,"AMPri Deckel für Medizinbecher, weiß - 2000 Stück","<h2>AMPri Deckel für Medizinbecher, weiß - 2000 Stück</h2>
<p><strong>Polyethylen Deckel für Medizinbecher zum Dosieren von Flüssigkeiten und zum Verteilen von Medikamenten</strong></p>
<p><strong>Details</strong></p>
<p>Die AMPri Deckel für Medizinbecher eignen sich zur Einnahme von Medikamenten oder zum Dosieren von Flüssigkeiten und zum Verteilen von Medikamenten.</p>
<ul>
<li>Farbe: Weiß</li>
<li>Material: Polyethylen</li>
<li>Sterilität: Unsteril</li>
<li>2000 Stück pro Karton</li>
</ul>
<p>Die passenden AMPri Medizinbecher finden Sie <a href=""https://altruan.de/produkt/ampri-pp-medizinbecher-30-ml-graduiert-verschiedene-farben-2000-stueck/"">hier</a>.</p>",Medizinbecher
21,"AMPri Dental Einweg Patientenservietten in grün, 33 x 45 cm - 125 Stück","<h2>AMPri Dental Einweg Patientenservietten in grün, 33 x 45 cm - 125 Stück</h2>
<p><strong>Dentalservietten für den Einsatz bei Zahnbehandlungen</strong></p>
<p><strong>Details</strong></p>
<p>Die AMPri Dental Einweg Patientenservietten bestehen aus hochabsorbierendem Tissue mit einer Polyethylen Schicht. Sie bieten besten Schutz von Patienten und Patientinnen bei medizinisch-kosmetischen Behandlungen oder in der Zahnarztpraxis.</p>
<ul>
<li>Patientenservietten aus hochabsorbierendem Tissue</li>
<li>Für den Einsatz bei der Zahnbehandlung, Zahnpflege, Zahnkosmetik</li>
<li>Mit Polyethylen beschichtet</li>
<li>Gehämmert und gefaltet</li>
<li>Latexfrei</li>
<li>Farbe: grün</li>
<li>Maße: ca. 33 x 45 cm</li>
<li>125 Stück pro Packung</li>
</ul>
<p><strong>Weitere Informationen entnehmen Sie bitte den Datenblättern.</strong></p>",Patientenserviette
22,AMPri Med-Comfort Bunte Nitrilhandschuhe,"<h2>AMPri Med-Comfort Bunte Untersuchungs- / Einweghandschuhe</h2>
<p><strong>Der bunte Nitrilhandschuhe - 100% Nitril - 100% Sicherheit</strong></p>
<p><strong>Eigenschaften:</strong></p>
<ul>
<li>Der Allrounder für fast jede Branche</li>
<li>Beständig gegen viele Chemikalien</li>
<li>Frei von allergieauslösenden Proteinen und damit die perfekt hautverträgliche Alternative zum Latexhandschuh</li>
<li>Fingertexturiert für eine gute Griffigkeit</li>
<li>Beidhändige Passform</li>
<li>Puderfrei &amp; Unsteril</li>
<li>Farbe: Mix Box aus 4 Farben (Pink, Grün, Orange, Gelb), 96 Stück in der Box</li>
</ul>
<p> </p>
<p><strong>Qualität &amp; Normen: </strong></p>
<ul>
<li>AQL 1,5</li>
<li>EN 420, EN 455, EN 374</li>
<li>Lebensmittelgeeignet gem. Verordnung (EU) 1935/2004</li>
<li>PSA Kategorie III gem. PSA Verordnung (EU) 2016/425</li>
<li>Medizinprodukt der Klasse I gem. Verordnung (EU) 2017/745</li>
</ul>
<p> </p>
<p><strong>Maße und Verpackung:</strong></p>
<ul>
<li>96 Stück in der Box</li>
<li>Länge: ≥240 mm</li>
</ul>",Nitrilhandschuhe
23,"AMPri Medikamentendispenser, weiß","<h3>AMPri Medikamentendispenser, weiß</h3>
<p><strong>Einfache Medikamenteneinteilung </strong></p>
<p><strong>Details</strong></p>
<ul>
<li>Aus Polypropylen</li>
<li>Schiebeblister aus PVC-Folie</li>
<li>4 große Fächer (Früh, Mittag, Abend, Nacht)</li>
<li>Maße: 22 x 6 x 1,5 cm</li>
<li>Einwegprodukt</li>
<li>Zur exakten Einteilung des Tagesbedarfs von Medikamenten</li>
<li>Blindenschrift auf der Rückseite</li>
<li>Verpackt zu 200 Stück: 1 Überverpackung = 200 Dispenser</li>
<li>Abgerechnet <b>pro Dispenser</b>
</li>
</ul>",Dispenser
24,AMPri Montage- und Arbeitshandschuhe SolidSafety Tough,"<h3>AMPri Arbeitshandschuhe SolidSafety Tough</h3>
<h4><strong>Der Arbeitshandschuhe für jeden Bedarf </strong></h4>
<p><strong>Details</strong></p>
<p>Dieser gestrickte Handschuh ist an den Fingerkuppen und der Handinnenfläche mit einer Nitrilmikroschaum-Beschichtung ausgestattet. An den Handinnenflächen ist er angeraut, so entsteht ein sicherer Griff, sogar bei glatten und auch bei feuchten Gegenständen. Der Arbeitshandschuh ist sehr bequem und passt sich der Hand perfekt an, sodass ein angenehmer Tragekomfort entsteht. Zudem ist er sehr flexibel und lässt somit Beweglichkeit zu. An der Stulpe besitzt der Handschuh einen Strickbund. Des Weiteren ist der Handschuh atmungsaktiv und trotzdem flüssigkeitsabweisend. Somit ist er beständig gegen Öle und Fette. Doch besitzt er ebenfalls eine mechanische Beständigkeit. Darüber hinaus ist er ein leicht schnittfester Arbeitshandschuh der Klasse 1.</p>
<p>In der Industrie sind die Hände das größte Gut. Man benötigt eine hohe Beweglichkeit und ein sehr gutes Tastgefühl. Doch trotzdem sollen die Hände mit größter Sorgfalt geschützt werden. Deshalb ist die Auswahl des richtigen Handschuhs äußerst wichtig. Er muss den Tätigkeiten immer richtig angepasst werden.</p>
<p> </p>
<ul>
<li>EN 388 (Level 4131X), EN 420</li>
<li>PSA Kategorie II gem. PSA Verordnung (EU) 2016/425</li>
<li>Atmungsaktiv, flüssigkeitsabweisend</li>
<li>1 Packung = 12 Paar</li>
</ul>",Arbeitshandschuhe
25,AMPri Müllbeutel Clean-Comfort 70 Liter,"<h3><b>AMPri Müllbeutel Clean-Comfort 70 Liter</b></h3>
<ul>
<li>Aus Polyethylen (PE)</li>
<li>Für Hygienebereiche</li>
<li>Farbe: Blau</li>
<li>Liter: 70</li>
<li>Stärke in µm (ca.): 34</li>
<li>Verpackungseinheit: 25 Beutel pro Rolle, 10 Rollen im Karton</li>
<li>Abgerechnet <b>pro Rolle</b>
</li>
</ul>",Müllbeutel
26,"AMPri Nature Gloves Nitrilhandschuhe Biologisch abbaubar, puderfrei","<h3>AMPri Nature Gloves Nitrilhandschuhe Biologisch abbaubar, puderfrei</h3>
<h4><strong>biologisch abbaubare Nitril-Untersuchungshandschuhe / Einweghandschuhe</strong></h4>
<p><strong>Eigenschaften:</strong></p>
<ul>
<li>Biologisch abbaubar</li>
<li>kompostierbar</li>
<li>Frei von allergieauslösenden Proteinen und damit die perfekte hautverträgliche Alternative zum Latexhandschuh</li>
<li>Polymerbeschichtet &amp; Innen chloriert</li>
<li>Beidhändige Passform</li>
<li>Puderfrei &amp; Unsteril</li>
<li>Farbe: Grün</li>
</ul>
<p> </p>
<p><strong>Qualität &amp; Normen: </strong></p>
<ul>
<li>AQL 1,5</li>
<li>EN 420, EN 455</li>
<li>Lebensmittelgeeignet gem. Verordnung (EG) 1935/2004</li>
<li>PSA Kategorie I gem. PSA Verordnung (EU) 2016/425</li>
<li>Medizinprodukt der Klasse I gem. Verordnung (EU) 2017/745</li>
</ul>
<p> </p>
<p><strong>Maße und Verpackung:</strong></p>
<ul>
<li>96 Stück in der Box</li>
<li>Länge: ≥240 mm</li>
</ul>",Nitrilhandschuhe
27,"AMPri PP Medizinbecher 30 ml, graduiert, verschiedene Farben - 2000 Stück","<h2>AMPri PP Medizinbecher 30 ml, verschiedene Farben - 2000 Stück</h2>
<p><strong>Medizinbecher zur Einnahme von Medikamenten oder zum Dosieren von Flüssigkeiten</strong></p>
<p><strong>Details</strong></p>
<p>Die AMPri PP Medizinbecher 30 ml aus Polypropylen eignen sich zur Einnahme von Medikamenten oder zum Dosieren von Flüssigkeiten und zum Verteilen von Medikamenten.</p>
<ul>
<li>Dosieren von Flüssigkeiten und zum Verteilen von Medikamenten</li>
<li>Volumen: 30 ml</li>
<li>Einwegprodukt</li>
<li>Material: Polypropylen</li>
<li>Medizin-Produktklasse: MD Klasse I m</li>
<li>Sterilität: Unsteril</li>
<li>In den Farben blau, grün, gelb, transparent (milchig)</li>
<li>2000 Becher pro Karton</li>
</ul>
<p>Die passenden AMPri Medizinbecher Deckel finden Sie <a href=""https://altruan.de/produkt/ampri-deckel-fuer-medizinbecher-weiss-2000-stueck/"">hier</a>.</p>",Medizinbecher
28,"AMPri Pura Comfort blue Nitrilhandschuhe, blau","<h2>AMPri Pura Comfort blue Nitrilhandschuhe, blau</h2>
<p><strong>Nitril Einmalhandschuhe als Schutzhandschuhe und Untersuchungshandschuhe in blau</strong></p>
<p><strong>Details</strong></p>
<p>Nitril Untersuchungshandschuhe sind insbesondere für den Einsatz in medizinischen Einrichtungen sowie in der Lebensmittelindustrie dank ihrer Beständigkeit gegenüber Fetten und Ölen geeignet. Auch für Reinigungsarbeiten erweisen sich Nitril Handschuhe dank ihrer Resistenz gegenüber Chemikalien als zuverlässiger Schutz. Sie erfüllen außerdem die Europäische Norm 455 in allen vier Teilen und sind im medizinischen Bereich somit vollumfänglich einsetzbar.<br>
Weiterhin können unsere Nitril Untersuchungshandschuh  in Pflegeeinrichtungen, Laboren, in Kosmetikstudios und in der Pharmaindustrie vollumfänglich genutzt werden.</p>
<p> </p>
<ul>
<li>beständig gegenüber Fetten, Ölen und Chemikalien</li>
<li> Fingertexturiert für eine gute Griffigkeit</li>
<li>Sehr gutes Tastempfinden</li>
<li>Leichte Ausführung – Dünnfilmnitrilhandschuh</li>
<li>Exzellente beidhändige Passform</li>
<li>Gute Dehnbarkeit</li>
<li>Puderfrei</li>
<li>Unsteril</li>
<li>Farbe: Blau</li>
<li>Erhältliche Größen: S bis XL</li>
</ul>
<p> </p>
<p><strong>Norm und Klassifizierung</strong></p>
<ul>
<li> AQL 1,5</li>
<li>EN 420</li>
<li>EN 455</li>
<li>EN 374</li>
<li>Lebensmittelgeeignet gem. Verordnung (EG) 1935/2004</li>
<li>PSA Kategorie III gem. PSA Verordnung (EU) 2016/425</li>
<li>Medizinprodukt der Klasse I gem. Verordnung (EU) 2017/745</li>
</ul>
<p> </p>
<p>100 Handschuhe pro Packung // 10 Packungen pro Karton</p>",Nitrilhandschuhe
29,AMPri Solid Safety Clean Protect Industriehandschuh - Größe XL,"<h2>AMPri Solid Safety Clean Protect Industriehandschuh - Größe XL</h2>
<p class=""product-detail-name""><strong>chemikalienbeständiger Arbeitsschutzhandschuh aus Nitril und für den Lebensmittelbereich geeignet</strong></p>
<p><strong>Details</strong></p>
<p>Sicher hantieren mit Chemikalien: Die Industriehandschuhe SolidSafety Clean Protect schützen Haut und Hände vor Gefahrenstoffen. Als Material wurde Nitril verwendet. Dieser Werkstoff besitzt ein sogenanntes Materialgedächtnis und passt sich hierdurch der individuellen Handform optimal an, was das Arbeiten in diesen flexiblen Handschuhen sehr angenehm macht. Mit einer grünen Farbgebung sind die Handschuhe eher auffallend gestaltet und gut erkennbar. Für den Umgang mit folgenden Nahrungsmitteln sind die Mehrweg-/ Arbeitsschutzhandschuhe geeignet: trockene, fettige, saure, wässrige und alkoholische Lebensmittel. Die Handschuhe sind komplett mit Polymeren beschichtet.</p>
<p> </p>
<ul>
<li>Für folgende Nahrungsmittel geeignet: Trockene, fettige, saure, wässrige und alkoholische Lebensmittel</li>
<li>Schützt vor Mikroorganismen wie: Viren/Bakterien/Pilze</li>
<li>Chemikalienschutz Typ A</li>
<li>Für den Einsatz in folgenden Branchen geeignet: Industrie, körpernahe Dienstleistung, Lebensmittelindustrie, Bildung, Behörde und Arbeitsschutz</li>
<li>PSA Kategorie: PSA CAT III</li>
<li>Geprüft nach EN 388, EN 374 und EN 420</li>
<li>Abriebfestigkeit Stufe 4</li>
<li>Durchstichfestigkeit Stufe 1</li>
<li>Weiterreißkraft Stufe 0</li>
<li>Besondere Eigenschaften: Chemikalienschutz, innen chloriert und baumwollbeflockt</li>
<li>1 Paar pro Packung</li>
</ul>
<p> </p>
<p>Der AMPri Solid Safety Clean Protect ist die ideale Alternative vom <a href=""https://altruan.de/?post_type=product&amp;p=37848&amp;preview=true"">AMPri Clean-Expert.</a></p>",Arbeitshandschuhe
30,"AMPri Style Latex Black Latexhandschuhe, schwarz","<h2>AMPri Style Latex Black Latexhandschuhe, schwarz</h2>
<p><strong>Latex Einmalhandschuhe als Schutzhandschuhe und Untersuchungshandschuhe in schwarz</strong></p>
<p><strong>Details</strong></p>
<p>Die AMPri Style Black Latexhandschuhe sind vor allem in der Gastronomie für Köche (m/w/d) oder in Tattoostudios als Tätowierbedarf der Tätowierer (m/w/d) gefragt. Latexeinmalhandschuhe in Schwarz schützen dabei nicht nur die Hände, sondern bleiben auch länger ansehnlich und sind deutlich stylischer als weiße oder blaue Latexeinmalhandschuhe. Obendrein wirken die schwarzen Latexschutzhandschuhe in modernen Restaurants wie ein stylisches Accessoire neben Schürze und Messer. Aber auch in Tättoostudios, Kosmetiksalons, u.v.m. werden gerne Latexschutzhandschuhe in Schwarz eingesetzt. Wir empfehlen diese Latexschutzhandschuhe umfassend für Arbeitsschutz, Behörde, Bildung, sonstige Medizin, Industrie, körpernahe Dienstleistung, Krankenhaus und Lebensmittelindustrie.</p>
<p> </p>
<ul>
<li>Latexeinweghandschuhe mit Eignung für alkoholische Lebensmittel, fettige Lebensmittel, saure Lebensmittel, trockene Lebensmittel und wässrige Lebensmittel</li>
<li>Mikroorganismenschutz: Viren, Bakterien und Pilze</li>
<li>Latexhandschuhe für Arbeitsschutz, Behörde, Bildung, sonstige Medizin, Industrie, körpernahe Dienstleistung, Krankenhaus und Lebensmittelindustrie</li>
<li>Materialstärke: mittelstark (&gt;= 0,09 bis &lt;=0,16 mm)</li>
<li>Persönliche Schutzausrüstung Kategorie: PSA CAT III</li>
<li>Klasse I Medizinprodukt</li>
<li>Erfüllte Normen: EN 455-4, EN 455-3, EN 420, EN 374-1, EN 455-1, EN 374-4, EN 455-2 und EN 374-5</li>
<li>Exzellente beidhändige Passform</li>
<li>Gute Dehnbarkeit</li>
<li>Puderfrei</li>
<li>Unsteril</li>
<li>Farbe: schwarz</li>
<li>Erhältliche Größen: S bis XL</li>
</ul>
<p> </p>
<p>100 Handschuhe pro Packung // 10 Packungen pro Karton</p>",Latexhandschuhe
31,"AMPri Tablettenmörser für Medizinbecher, weiß","<h2>AMPri Tablettenmörser für Medizinbecher, weiß</h2>
<p><strong>hygienischer Tablettenmörser aus Edelstahl und Polyamid für einfaches Zerstoßen von Tabletten</strong></p>
<p><strong>Details</strong></p>
<ul>
<li>Tablettenmörser zum Zerstoßen von Tabletten</li>
<li>aus Edelstahl und Polyamid</li>
<li>Desinfektionsmittelgeeignet</li>
<li>im Geschirrspüler bis max. 60 °C</li>
<li>Farbe: weiß</li>
</ul>",Tablettenmörser
32,"AMPri Urinflaschenbürste, 37 cm - Farbe weiß/blau - 10 Stück","<h2>AMPri Urinflaschenbürste, 37 cm - Farbe weiß/blau - 10 Stück</h2>
<p><strong>hitzebeständige Bürste zum Reinigen von Urinflaschen</strong></p>
<p><strong>Details</strong></p>
<ul>
<li>hitzebeständige Urinflaschenbürste zur Reinigung von Urinflaschen</li>
<li>Durchmesser: 55 mm</li>
<li>Länge ca. 37 cm</li>
<li>Bürstenteil ca. 19 cm</li>
<li>Anwendung als: Mehrwegprodukt</li>
<li>Farbe: Weiß</li>
<li>Form: Rund</li>
<li>Material: Polypropylen</li>
<li>10 Stück pro Packung</li>
</ul>",Urinflasche
33,AMPri Vinyl Einmalhandschuhe puderfrei - 100 Stk.,"<h2>AMPri Vinyl Einmalhandschuhe puderfrei - 100 Stk.</h2>
<p><strong>AMPri Vinylhandschuhe Untersuchungshandschuhe 100 Stück</strong></p>
<p><strong>Details</strong></p>
<ul>
<li>Glatte Handfläche</li>
<li>Leichte Qualität - perfekt für den Einsatz in Werkstatt, Haus und Garten sowie leichte Pflegearbeiten</li>
<li>Beidhändige Passform</li>
<li>Keine allergieauslösenden Proteine enthalten</li>
<li>Kein DOP/DEHP enthalten</li>
<li>Puderfrei / Unsteril</li>
<li>Farbe: Weiß</li>
</ul>
<p> </p>
<p><strong>Norm und Klassifizierung</strong></p>
<ul>
<li>AQL 1,5, EN 420, EN 455</li>
<li>Lebensmittelgeeignet gem. Verordnung (EG) 1935/2004</li>
<li>PSA Kategorie I gem. PSA Verordnung (EU) 2016/425</li>
<li>Medizinprodukt der Klasse I gem. Verordnung (EU) 2017/745</li>
</ul>
<p> </p>
<p><strong>Maße &amp; Verpackung</strong></p>
<ul>
<li>1 Verpackung = 100 Handschuhe</li>
<li>Länge: ≥240 mm</li>
<li>Größe S-XL</li>
</ul>",Vinylhandschuhe
34,"AMPri Waschbecken mit Duschvorrichtung und Pumpe, aufblasbar","<h2>AMPri Waschbecken mit Duschvorrichtung und Pumpe, aufblasbar</h2>
<p><strong>besonders zur Haarwäsche im Liegen geeignetes Waschbecken mit Aussparung für den Hals</strong></p>
<p><strong>Details</strong></p>
<p>Das AMPri Waschbecken mit Duschvorrichtung und Pumpe ist aufblasbar mit Aussparung am Hals und besonders zur Haarwäsche im Liegen geeignet.</p>
<ul>
<li>Waschbecken mit Duschvorrichtung und Pumpe</li>
<li>65 x 58 x 20 cm, Stärke 0,32 mm</li>
<li>Breite: 580 mm</li>
<li>Höhe: 200 mm</li>
<li>Volumen: 18.000 ml</li>
<li>aufblasbar</li>
<li>Farbe: Rosa</li>
<li>Material: PVC</li>
</ul>",Waschbecken
35,Anbio Antigen Schnelltest (Swab) - AT147/20,"<h3>Anbio Antigen Schnelltest (Swab) - AT147/20</h3>
<h4>Professioneller Antigen Schnelltest (Speichel Lolly-Test, Nasal, Rachen) für Testzentren von Anbio</h4>
<p><b>Eigenschaften:</b></p>
<ul>
<li>Drei Probenahmemethoden:<br>
- Speichel (Lolly-Test) — speziell geeignet für Kinder !<br>
- Anterio-nasaler Abstrich (Nasal)<br>
- Oropharyngealabstrich (Mund-Rachen)</li>
<li>Hohe Sensitivität ( 99,27% ) und Spezifität ( 100,00% )</li>
<li>Einfach anzuwenden:<br>
Schnelle und zuverlässige Testergebnisse in nur 15 Minuten</li>
</ul>
<p> </p>
<p><b>Zulassungen:</b></p>
<ul>
<li>BfArM gelistet (BfArM-AT-Nummer: AT147/20)</li>
<li>PEI Evaluierung</li>
<li>HSC common list (RAT-ID: 1822)</li>
<li>EU-weit anerkannt!</li>
<li>PZN: 17386707</li>
</ul>
<p> </p>
<p><b>Anmerkung:</b><br>
* Fachtests dürfen nur von Fachleuten oder geschulten Personen angewendet werden.</p>
<p>Produktname: Rapid COVID-19 Antigen Test (Colloidal Gold)<br>
Hersteller: Anbio (Xiamen) Biotechnology Co.,Ltd.</p>
<p> </p>
<p>20 Tests = 1 Packung // 50 Packungen = 1 Karton</p>",
36,Aufrunden für die,,
37,Aufrunden und spenden. Spendenempfänger: Deutsche Kinderkrebshilfe,,
38,B. Braun Askina® Brauncel® Spender für Zellstofftupfer - leer,"<h2>B. Braun Askina® Brauncel® Spender für Zellstofftupfer - leer</h2>
<p><strong>Spenderbox für B. Braun Askina® Brauncel® Zellstofftupfer</strong></p>
<p><strong>Details</strong></p>
<p>Der B. Braun Askina® Brauncel® Spender für Zellstofftupfer bietet den optimalen Schutz vor Staub und Verschmutzungen um die B.Braun Askina Brauncel Zellstofftupfer hygienisch aufzubewahren und die einzelne Entnahme der Tupfer zu ermöglichen. Der transparenten Deckel lässt jederzeit eine Füllstandskontrolle zu.</p>
<ul>
<li>für eine hygienische Entnahme</li>
<li>zur Aufbewahrung von Tupfern</li>
<li>mit transparentem Deckel</li>
<li>für Zellstofftupfer von der Rolle</li>
</ul>",Tupfer
39,B. Braun Askina® Brauncel® Zellstofftupfer,"<h2>B. Braun Askina® Brauncel® Zellstofftupfer</h2>
<p><strong>Zellstofftupfer von der Rolle aus hochgebleichtem Verbandzellstoff nach DAB</strong></p>
<p><strong>Details</strong></p>
<p>Die B.Braun Askina Brauncel Zellstofftupfer aus hochgebleichtem Verbandzellstoff werden zur Hautreinigung vor Injektionen oder als Saugpolster eingesetzt. Der gebrauchsfertige, vorgestanzte Zellstofftupfer kann einfach und sauber abgerissen werden. Die Tupfer sind 4 x 5 cm groß und aus 100 % chlorfrei gebleichtem Verbandzellstoff.</p>
<ul>
<li>Zur Hautreinigung vor Injektionen und als Saugpolster</li>
<li>Einfach und sauber abzureißen</li>
<li>Stark saugfähig und formstabil</li>
<li>Tupfergröße: 4 x 5 cm, gebrauchsfertig vorgestanzt</li>
<li>100 % chlorfrei gebleichter Verbandzellstoff</li>
<li>500 Tupfer auf der Rolle</li>
</ul>
<p><strong>Hinweise</strong></p>
<ul>
<li>Abrechnungsfähig als Sprechstundenbedarf.</li>
<li>Bitte beachten Sie die individuellen Regelungen in den Sprechstundenbedarfsvereinbarungen der jeweiligen KV-Bezirke</li>
</ul>
<p><strong>Medizinprodukt - Zu Risiken und Nebenwirkungen lesen Sie die Packungsbeilage und fragen Sie Ihren Arzt oder Apotheker.</strong></p>",Tupfer
40,B. Braun Askina® Cel Verbandzellstoff ungebleicht - 40x60 cm,"<h2>B. Braun Askina® Cel Verbandzellstoff ungebleicht - 40x60 cm</h2>
<p class=""lead""><strong>Stark saugfähiger Verbandzellstoff</strong></p>
<p><strong>Details</strong></p>
<p>Der B.Braun Askina® Cel Verbandzellstoff in 40 x 60 cm ist stark saugfähig und damit ein zuverlässiger preisgünstiger Helfer im Praxisalltag für den vielseitigen Einsatz im medizinischen Bereich, speziell in der Wundversorgung in Kombination mit anderen Wundversorgungssystemen. Erhältlich in ungebleicht aus 100 % Altpapier.</p>
<ul>
<li>zuverlässig im Praxisalltag</li>
<li>ungebleicht</li>
<li>vielseitig einsetzbar</li>
<li>preisgünstiges Saug- &amp; Polstermaterial</li>
<li>1 Packung = 15 kg</li>
</ul>",Verbandzellstoff
41,"B. Braun Combifix® Adapter, weiblich/weiblich - 100 Stück","<h2>B. Braun Combifix® Adapter, weiblich/weiblich - 100 Stück</h2>
<p><strong>Combifix® Adapter LuerLock</strong></p>
<p><strong>Details</strong></p>
<p>Der B. Braun Combifix® Adapter als Verbindungsmöglichkeit von verschiedenen Anschlüssen ( z.B. zwei Spritzen) innerhalb der intravenösen Infusionstherapie.</p>
<ul>
<li>LuerLock</li>
<li>weiblich/weiblich</li>
<li>100 Stück pro Packung</li>
</ul>",Adapter
42,"B. Braun Discofix® Dreiwegehahn, 50 Stück, blau","<h2><strong>B. Braun Discofix® Mehrwegehahnsystem für Infusionstherapie und Monitoring</strong></h2>
<p><strong>B. Braun Discofix® Dreiwegehahn</strong></p>
<p class=""_product-name__subline"">
</p><p><strong>Details</strong></p>
<p>Der Discofix® Dreiwegehahn ist das ideale Mehrwegehahnsystem für die Infusionstherapie. Optimale Durchflussbohrungen sorgen für unverfälschte Werte bei der Druckmesseung.</p>
<ul>
<li>Geeignet für alle in der Infusionstechnik eingesetzten Druckinfusionssysteme</li>
<li>Durchflussbohrungen für unverfälschte Druckwerte</li>
<li>Axial und radial bewegliche Überwurfmutter für sichere, schnelle Konnektion</li>
<li>PVC- und Latexfrei</li>
<li>Farbe: blau</li>
<li>einzeln, steril verpackt</li>
<li>50 Stück pro Packung</li>
</ul>",Dreiwegehahn
43,B. Braun Helipur® H plus N Instrumentendesinfektion,"<h2>B. Braun Helipur® H plus N Instrumentendesinfektion</h2>
<p><strong>Flüssige Instrumentendesinfektion auf Aldehydbasis </strong></p>
<p><strong>Details</strong></p>
<p>Das B. Braun Helipur® H plus N Instrumentendesinfektion dient zur schonenden Aufbereitung von starren und flexiblen Endoskopen, Anästhesiezubehör und anderen thermolabilen Materialien.</p>
<ul>
<li>Formaldehydfrei</li>
<li>Angenehmer Geruch</li>
<li>Schonende Aufbereitung von flexiblen Endoskopen, Anästhesie-Zubehör und anderen thermolabilen Materialien</li>
<li>Sehr gute Materialverträglichkeit</li>
<li>Umfassendes Wirkungsspektrum: Bakterien (inkl. MRSA, TbB und Mykobakterien) und Pilze (levurozid); begrenzt viruzid (inkl. HBV, HCV, HIV) und viruzid</li>
<li>Sehr wirtschaftlich durch niedrige Anwendungskonzentration</li>
<li>Im Ultraschallbad einsetzbar</li>
<li>DGHM-/VAH- gelistet und in der IHO-Desinfektionsmittelliste</li>
<li>5 Liter Kanister</li>
</ul>
<p><strong>Wirkungsspektrum</strong></p>
<ul>
<li>bakterizid, levurozid, mykobakterizid, tuberkulozid, begrenzt viruzid (inkl. HBV, HCV, HIV), viruzid</li>
</ul>
<p><strong>Hinweise zur Anwendung und Dosierung</strong></p>
<p>Vor der Desinfektion sollte eine Reinigung der Instrumente mit Helizyme oder Cleaner N erfolgen. Nach erfolgter Desinfektion die Instrumente sorgfältig spülen und nach Erfordernissen weiter aufbereiten. Sichtbar verschmutzte Lösungen sind rechtzeitig zu erneuern. Nicht mit aminhaltigen Produkten kombinieren.</p>
<p><strong>Weitere Informationen entnehmen Sie bitte den Datenblättern.</strong></p>
<p><br></p>",Instrumentendesinfektion
44,B. Braun Hexaquart® pure Flächendesinfektion - 5 Liter,"<h2>B. Braun Hexaquart® pure Flächendesinfektion</h2>
<p class=""_product-name__subline""><strong>Aldehyd- und Amin-freies Flächendesinfektionsmittel</strong></p>
<p><strong>Details</strong></p>
<p>Die B. Braun Hexaquart® pure Flächendesinfektion ist ein Konzentrat zur kombinierten Desinfektion und Reinigung von Fußböden und Inventar.</p>
<ul>
<li>Aldehydfrei, ohne Amine und ohne Parfüm</li>
<li>Kurze Einwirkzeiten – Schnelldesinfektion (5 Min.) möglich</li>
<li>Wirkt gegen Bakterien (inkl. MRSA) und Pilze; begrenzt viruzid (inkl. HBV, HCV, HIV) und wirksam gegen Polyoma- und Noroviren</li>
<li>Gute Materialverträglichkeit mit den am häufigsten eingesetzten Materialien bei Fußboden und Inventar</li>
<li>Einsetzbar im B.Braun Wipes Tuchspendersystem</li>
<li>Haltbarkeit: 4 Wochen</li>
<li>Auch für den Lebensmittelbereich geeignet</li>
<li>DGHM-/VAH-gelistet und in der IHO-Viruzidie-Liste</li>
<li>5 Liter Kanister</li>
</ul>
<p><strong>Wirksamkeit</strong></p>
<ul>
<li>Wirkt gegen Bakterien (inkl. MRSA) und Pilze; begrenzt viruzid (inkl. HBV, HCV, HIV) und wirksam gegen Polyoma- und Noroviren</li>
</ul>
<p><strong>Anwendung und Dosierung</strong></p>
<p>Die Gebrauchslösung wird mit Wasser (max. 25°C) angesetzt (siehe Dosiertabelle).<br> Die Dosierung kann aus Messbechern, über Dosierpumpen sowie zentrale und dezentrale Zumisch geräte erfolgen.<br> Flächen ausreichend benetzen und ohne Nachwischen abtrocknen lassen. Die Wirkstoffe aldehydfreier Flächendesinfektionsmittel bleiben nach dem Antrocknen auf den Flächen zurück. Es empfiehlt sich, je nach Erfordernis (abhängig von Konzentration und Häufigkeit des Aufbringens) Reinigungsintervalle mit einem Neutral reiniger festzulegen, um klebrige Flächen zu vermeiden.</p>
<p><strong>Materialverträglichkeit</strong></p>
<p>Einsetzbar bei: Metallen, Kunststoffen, z.B. Polymethacrylat (Acrylglas), Elastomeren und Fußböden<strong>.</strong></p>
<p><strong>Weitere Informationen entnehmen Sie bitte den Datenblättern.</strong></p>
<p><strong>Biozide sicher verwenden. Vor Gebrauch stets Kennzeichnungen und Produktinformationen lesen.</strong></p>
<p><br></p>",Flächendesinfektion
45,"B. Braun Infusomat® Space Leitung SafeSet, PVC, 250 cm - 1 Stück","<h2>B. Braun Infusomat® Space Leitung SafeSet, PVC, 250 cm - 100 Stück</h2>
<p class=""_product-name__subline""><strong>Infusionsleitung für die volumetrischen Infusionspumen der Generation Space<sup>®plus</sup>, Space<sup>®</sup> und fmS</strong></p>
<p><strong>Details</strong></p>
<p>Die B. Braun Infusomat<sup>®</sup> Space Infusionsleitung aus PVC - für den handlichen Einsatz mit den B. Braun Infusionspumpen Space<sup>plus</sup> Infusomat<sup>®</sup>, Infusomat<sup>®</sup> Space, Infusomat<sup>®</sup> fmS<sup> </sup>für die Applikation unterschiedlichster Lösungen in der Infusionstherapie</p>
<ul>
<li>mit Airstop-Membran</li>
<li>Filtermembran ≤ 15 µm zum Schutz vor groben Partikeln</li>
<li>Wirkt wie eine Barriere; der Eintritt von Luft in die Verbindungsleitung wird verhindert</li>
<li>Komfortabler Einstechdorn</li>
<li>Bakteriendichte Belüftung</li>
<li>Kurzes Silikon Pumpensegment</li>
<li>Anti-Free-Flow-Klemme</li>
<li>Nicht hergestellt mit DEHP und Latex</li>
<li>1 Stück pro Packung</li>
</ul>",Infusionsbesteck
46,"B. Braun Injekt® Luer Solo Einmalspritze mit Luer-Ansatz, exzentrisch","<h2>B. Braun Injekt® Luer Solo Einmalspritze mit Luer-Ansatz, exzentrisch</h2>
<p class=""lead""><strong>Zweiteilige Standard-Einmalspritze mit Luer-Ansatz</strong></p>
<p><strong>Details</strong></p>
<ul>
<li>Sicherer Kolbenstopp für problemloses Aufziehen bis zum Maximalvolumen</li>
<li>Graduierung in ml zur Volumen-Dosierung, über das Nennvolumen hinaus verlängerte Skala</li>
<li>Hochtransparenter Zylinder mit grüner Kolbenstange und schwarzer Graduierung für ideale Ablesbarkeit, wischfest</li>
<li>Luer-Ansatz zum Aufsetzen der Nadel, exzentrisch</li>
<li>Material: Zylinder: Polypropylen, Kolben: Polyethylen</li>
<li>Silikonölfrei</li>
<li>Latex- und PVC-frei</li>
<li>Fertigung gemäß EN ISO 7886-1</li>
<li>einzeln steril verpackt</li>
<li>100 Stück pro Packung</li>
</ul>
<p><strong>Varianten</strong></p>
<ul>
<li>5 ml, Luer-Ansatz, exzentrisch</li>
<li>10 ml, Luer-Ansatz, exzentrisch</li>
<li>20 ml, Luer-Ansatz, exzentrisch</li>
</ul>",Einmalspritze
47,"B. Braun Injekt® Luer Solo Einmalspritze mit Luer-Ansatz, zentrisch - 2 ml","<h2>B. Braun Injekt® Luer Solo Einmalspritze mit Luer-Ansatz, zentrisch - 2 ml</h2>
<p class=""lead""><strong>Zweiteilige Standard-Einmalspritze mit Luer-Ansatz</strong></p>
<p><strong>Details</strong></p>
<ul>
<li>Sicherer Kolbenstopp für problemloses Aufziehen bis zum Maximalvolumen</li>
<li>Graduierung in ml zur Volumen-Dosierung, über das Nennvolumen hinaus verlängerte Skala</li>
<li>Hochtransparenter Zylinder mit grüner Kolbenstange und schwarzer Graduierung für ideale Ablesbarkeit, wischfest</li>
<li>Luer-Ansatz zum Aufsetzen der Nadel, zentrisch</li>
<li>Material: Zylinder: Polypropylen, Kolben: Polyethylen</li>
<li>Silikonölfrei</li>
<li>Latex- und PVC-frei</li>
<li>Fertigung gemäß EN ISO 7886-1</li>
<li>einzeln steril verpackt</li>
<li>100 Stück pro Packung.</li>
</ul>",Einmalspritze
48,B. Braun Intrafix® Air P Infusionsbesteck - 1 Stück,"<h2>B. Braun Intrafix® Air P Infusionsbesteck</h2>
<p class=""_product-name__subline""><strong>Infusionsbesteck für Druck- und Schwerkraftinfusionen</strong></p>
<p><strong>Details</strong></p>
<p>Das B. Braun Intrafix® Air P Infusionsbesteck kann für Druck- und Schwerkraftinfusionen verwendet werden und sorgt für eine gleichmäßige Tropfenbildung. Der scharfe Einstechdorn ermöglicht ein leichtes Einstechen und durch die Dorn-Aufnahme in der Rollenklemme des Intrafix® Air P Infusionsbestecks wird die Entsorgung sicherer.</p>
<ul>
<li>Scharfer Einstechdorn für leichtes Einstechen</li>
<li>Bakteriendichte Belüftung mit Verschlusskappe</li>
<li>Flexible Pumpkammer zum leichten und schnellen Einstellen des Flüssigkeitsspiegels</li>
<li>15 µm-Filter in der Tropfkammer zum Schutz vor groben Partikeln</li>
<li>Druckbeständig 2 bar und geeignet für die Verwendung mit Infusionspumpen, die für einen 3 x 4,1 mm Schlauch ausgelegt sind</li>
<li>Luer-Lock-Ansatz</li>
<li>Latex- und DEHP-frei</li>
<li>einzeln steril verpackt</li>
<li>1 Stück</li>
</ul>
<p><strong>Weitere Daten entnehmen Sie bitte den Datenblättern.</strong></p>
<p>Dieses Produkt ist für Ärztinnen/Ärzte per Rezept als Sprechstundenbedarf abrechenbar.</p>",Infusionsbesteck
49,B. Braun Intrafix® Primeline Infusionsbesteck mit Rückschlagventil - 10 Stück,"<h2 class=""_product-name__subline"">B. Braun Intrafix® Primeline Infusionsbesteck</h2>
<p class=""_product-name__subline""><strong>Infusionsbesteck mit Rückschlagventil für Druck- und Schwerkraftinfusionen</strong></p>
<p><strong>Details</strong></p>
<p>Das B. Braun Intrafix Primeline Infusionsgerät ist das Standard-Infusionsbesteck des führenden Herstellers. Der spitze Einstechdorn sorgt für ein leichtes Zusammensetzen der Infusion, selbst bei hängendem Infusionslösungsbehälter. Die neuartige Belüftungstechnik der Infusionsleitung ist bakteriendicht und mit Euroklappe verschließbar. Zudem weist das Perfusionsbesteck ein hohes Maß an Druckbeständigkeit auf.</p>
<ul>
<li>Scharfer Einstechdorn für leichtes Einstechen</li>
<li>Bakteriendichte Belüftung mit Verschlusskappe</li>
<li>Flexible Pumpkammer zum leichten und schnellen Einstellen des Flüssigkeitsspiegels</li>
<li>Filtermembran 15 µm in der Tropfkammer zum Schutz vor groben Partikeln</li>
<li>Druckbeständig bis 2 bar</li>
<li>Geeignet für die Verwendung mit Infusionspumpen, die für einen 3 x 4,1 mm Schlauch ausgelegt sind (<strong>ausgenommen: </strong>Intrafix<sup>®</sup> Primeline Comfort Neutrapur (PVC-frei), Ref. 4062191 / Intrafix<sup>®</sup> Primeline UV-Protect, Ref. 0086774R)</li>
<li>Geeignet für die Verwendung mit Druckmanschette</li>
<li>Luer-Lock-Ansatz</li>
<li>mit Rücskschlagventil</li>
<li>180 cm Schlauchlänge</li>
<li>einzeln, steril verpackt</li>
<li>10 Stück pro Packung</li>
</ul>",Infusionsbesteck
